"","filename","Comparison1","Comparison2","ScatterDiff","LocationDiff"
"1",NA,NA,NA,NA,NA
"2","1R_R30_1351142954_453_1_NumPops=30_NumInd=20Bayenv2LFMMpca.Cpval","Neutral","All",47.7277036524762,0.039165434294296
"3","1R_R30_1351142954_453_1_NumPops=30_NumInd=20Bayenv2LFMMpca.Cpval","Neutral","MCD 0.75",0.0793545332565657,0.0734122469193133
"4","1R_R30_1351142954_453_1_NumPops=30_NumInd=20Bayenv2LFMMpca.Cpval","Neutral","MCD 0.99",0.121229019308503,0.0195013845154274
"5","1R_R30_1351142954_453_1_NumPops=30_NumInd=20Bayenv2LFMMpca.Cpval","All","Neutral",47.7277036524762,0.039165434294296
"6","1R_R30_1351142954_453_1_NumPops=30_NumInd=20Bayenv2LFMMpca.Cpval","All","MCD 0.75",51.4283379839906,0.215369890492564
"7","1R_R30_1351142954_453_1_NumPops=30_NumInd=20Bayenv2LFMMpca.Cpval","All","MCD 0.99",52.6265069509156,0.113149177304532
"8","1R_R30_1351142954_453_1_NumPops=30_NumInd=60Bayenv2LFMMpca.Cpval","Neutral","All",782.674347325853,0.149255204641624
"9","1R_R30_1351142954_453_1_NumPops=30_NumInd=60Bayenv2LFMMpca.Cpval","Neutral","MCD 0.75",0.80040408030383,0.108306528599217
"10","1R_R30_1351142954_453_1_NumPops=30_NumInd=60Bayenv2LFMMpca.Cpval","Neutral","MCD 0.99",0.124145992663451,0.0384525055380784
"11","1R_R30_1351142954_453_1_NumPops=30_NumInd=60Bayenv2LFMMpca.Cpval","All","Neutral",782.674347325853,0.149255204641624
"12","1R_R30_1351142954_453_1_NumPops=30_NumInd=60Bayenv2LFMMpca.Cpval","All","MCD 0.75",734.584951090428,0.510871513735589
"13","1R_R30_1351142954_453_1_NumPops=30_NumInd=60Bayenv2LFMMpca.Cpval","All","MCD 0.99",802.48478402361,0.339126365650476
"14","1R_R30_1351142970_988_5_NumPops=30_NumInd=20Bayenv2LFMMpca.Cpval","Neutral","All",14.1537210967696,0.0210190678825803
"15","1R_R30_1351142970_988_5_NumPops=30_NumInd=20Bayenv2LFMMpca.Cpval","Neutral","MCD 0.75",0.0125760253661806,0.0550756931057273
"16","1R_R30_1351142970_988_5_NumPops=30_NumInd=20Bayenv2LFMMpca.Cpval","Neutral","MCD 0.99",0.09172372037403,0.019431034972718
"17","1R_R30_1351142970_988_5_NumPops=30_NumInd=20Bayenv2LFMMpca.Cpval","All","Neutral",14.1537210967696,0.0210190678825803
"18","1R_R30_1351142970_988_5_NumPops=30_NumInd=20Bayenv2LFMMpca.Cpval","All","MCD 0.75",14.9115078366447,0.142186794803347
"19","1R_R30_1351142970_988_5_NumPops=30_NumInd=20Bayenv2LFMMpca.Cpval","All","MCD 0.99",16.5141609123216,0.0805132690904192
"20","1R_R30_1351142970_988_5_NumPops=30_NumInd=60Bayenv2LFMMpca.Cpval","Neutral","All",437.632636813075,0.103002110328862
"21","1R_R30_1351142970_988_5_NumPops=30_NumInd=60Bayenv2LFMMpca.Cpval","Neutral","MCD 0.75",0.531431121711229,0.0865005713143827
"22","1R_R30_1351142970_988_5_NumPops=30_NumInd=60Bayenv2LFMMpca.Cpval","Neutral","MCD 0.99",0.12138974860673,0.0352689557982992
"23","1R_R30_1351142970_988_5_NumPops=30_NumInd=60Bayenv2LFMMpca.Cpval","All","Neutral",437.632636813075,0.103002110328862
"24","1R_R30_1351142970_988_5_NumPops=30_NumInd=60Bayenv2LFMMpca.Cpval","All","MCD 0.75",408.219398369435,0.377543409649266
"25","1R_R30_1351142970_988_5_NumPops=30_NumInd=60Bayenv2LFMMpca.Cpval","All","MCD 0.99",452.302419040791,0.258715400719342
"26","1R_R30_1351142986_950_9_NumPops=30_NumInd=20Bayenv2LFMMpca.Cpval","Neutral","All",8.63439778861517,0.0166961426132211
"27","1R_R30_1351142986_950_9_NumPops=30_NumInd=20Bayenv2LFMMpca.Cpval","Neutral","MCD 0.75",0.0154380145961377,0.0609690930488429
"28","1R_R30_1351142986_950_9_NumPops=30_NumInd=20Bayenv2LFMMpca.Cpval","Neutral","MCD 0.99",0.0708615135423342,0.0195975474247514
"29","1R_R30_1351142986_950_9_NumPops=30_NumInd=20Bayenv2LFMMpca.Cpval","All","Neutral",8.63439778861517,0.0166961426132211
"30","1R_R30_1351142986_950_9_NumPops=30_NumInd=20Bayenv2LFMMpca.Cpval","All","MCD 0.75",9.10638434170568,0.138886013457872
"31","1R_R30_1351142986_950_9_NumPops=30_NumInd=20Bayenv2LFMMpca.Cpval","All","MCD 0.99",10.2382669338155,0.0718065781465129
"32","1R_R30_1351142986_950_9_NumPops=30_NumInd=60Bayenv2LFMMpca.Cpval","Neutral","All",497.365278792878,0.0985630034322117
"33","1R_R30_1351142986_950_9_NumPops=30_NumInd=60Bayenv2LFMMpca.Cpval","Neutral","MCD 0.75",0.674825257144758,0.129965140805378
"34","1R_R30_1351142986_950_9_NumPops=30_NumInd=60Bayenv2LFMMpca.Cpval","Neutral","MCD 0.99",0.249314829788854,0.0553039637840924
"35","1R_R30_1351142986_950_9_NumPops=30_NumInd=60Bayenv2LFMMpca.Cpval","All","Neutral",497.365278792878,0.0985630034322117
"36","1R_R30_1351142986_950_9_NumPops=30_NumInd=60Bayenv2LFMMpca.Cpval","All","MCD 0.75",462.997240360328,0.453341300972936
"37","1R_R30_1351142986_950_9_NumPops=30_NumInd=60Bayenv2LFMMpca.Cpval","All","MCD 0.99",519.832150857725,0.301319293816826
"38","1R_R60_1351142954_453_1_NumPops=60_NumInd=20Bayenv2LFMMpca.Cpval","Neutral","All",346.940178368018,0.0967182975460844
"39","1R_R60_1351142954_453_1_NumPops=60_NumInd=20Bayenv2LFMMpca.Cpval","Neutral","MCD 0.75",0.0207087042388036,0.0779152672589382
"40","1R_R60_1351142954_453_1_NumPops=60_NumInd=20Bayenv2LFMMpca.Cpval","Neutral","MCD 0.99",0.184235107333202,0.0270912068944875
"41","1R_R60_1351142954_453_1_NumPops=60_NumInd=20Bayenv2LFMMpca.Cpval","All","Neutral",346.940178368018,0.0967182975460844
"42","1R_R60_1351142954_453_1_NumPops=60_NumInd=20Bayenv2LFMMpca.Cpval","All","MCD 0.75",344.658904975232,0.345545526807943
"43","1R_R60_1351142954_453_1_NumPops=60_NumInd=20Bayenv2LFMMpca.Cpval","All","MCD 0.99",363.085748555805,0.225754102069754
"44","1R_R60_1351142954_453_1_NumPops=60_NumInd=30Bayenv2LFMMpca.Cpval","Neutral","All",747.45925671957,0.142502879935463
"45","1R_R60_1351142954_453_1_NumPops=60_NumInd=30Bayenv2LFMMpca.Cpval","Neutral","MCD 0.75",0.701375191735323,0.0753923297250637
"46","1R_R60_1351142954_453_1_NumPops=60_NumInd=30Bayenv2LFMMpca.Cpval","Neutral","MCD 0.99",0.0851304282693878,0.0300801829460205
"47","1R_R60_1351142954_453_1_NumPops=60_NumInd=30Bayenv2LFMMpca.Cpval","All","Neutral",747.45925671957,0.142502879935463
"48","1R_R60_1351142954_453_1_NumPops=60_NumInd=30Bayenv2LFMMpca.Cpval","All","MCD 0.75",703.476366483711,0.423192253685392
"49","1R_R60_1351142954_453_1_NumPops=60_NumInd=30Bayenv2LFMMpca.Cpval","All","MCD 0.99",763.416199347894,0.303183309260423
"50","1R_R60_1351142970_988_5_NumPops=60_NumInd=20Bayenv2LFMMpca.Cpval","Neutral","All",270.351309545082,0.0824239511641539
"51","1R_R60_1351142970_988_5_NumPops=60_NumInd=20Bayenv2LFMMpca.Cpval","Neutral","MCD 0.75",0.0499676841412929,0.0526357229344057
"52","1R_R60_1351142970_988_5_NumPops=60_NumInd=20Bayenv2LFMMpca.Cpval","Neutral","MCD 0.99",0.154829860756257,0.0266634453120636
"53","1R_R60_1351142970_988_5_NumPops=60_NumInd=20Bayenv2LFMMpca.Cpval","All","Neutral",270.351309545082,0.0824239511641539
"54","1R_R60_1351142970_988_5_NumPops=60_NumInd=20Bayenv2LFMMpca.Cpval","All","MCD 0.75",263.777458209042,0.263296593058696
"55","1R_R60_1351142970_988_5_NumPops=60_NumInd=20Bayenv2LFMMpca.Cpval","All","MCD 0.99",283.398701973241,0.202268465375449
"56","1R_R60_1351142970_988_5_NumPops=60_NumInd=30Bayenv2LFMMpca.Cpval","Neutral","All",689.31932012899,0.131226369439077
"57","1R_R60_1351142970_988_5_NumPops=60_NumInd=30Bayenv2LFMMpca.Cpval","Neutral","MCD 0.75",1.7098413213023,0.0560479143246735
"58","1R_R60_1351142970_988_5_NumPops=60_NumInd=30Bayenv2LFMMpca.Cpval","Neutral","MCD 0.99",0.0274225373169183,0.0242225432391898
"59","1R_R60_1351142970_988_5_NumPops=60_NumInd=30Bayenv2LFMMpca.Cpval","All","Neutral",689.31932012899,0.131226369439077
"60","1R_R60_1351142970_988_5_NumPops=60_NumInd=30Bayenv2LFMMpca.Cpval","All","MCD 0.75",623.083947099569,0.35748738392175
"61","1R_R60_1351142970_988_5_NumPops=60_NumInd=30Bayenv2LFMMpca.Cpval","All","MCD 0.99",697.941354603216,0.267984968820546
"62","1R_R60_1351142986_950_9_NumPops=60_NumInd=20Bayenv2LFMMpca.Cpval","Neutral","All",339.874310816436,0.08826569385211
"63","1R_R60_1351142986_950_9_NumPops=60_NumInd=20Bayenv2LFMMpca.Cpval","Neutral","MCD 0.75",0.0274044930718021,0.0881205420085665
"64","1R_R60_1351142986_950_9_NumPops=60_NumInd=20Bayenv2LFMMpca.Cpval","Neutral","MCD 0.99",0.230775147312038,0.0351627550861705
"65","1R_R60_1351142986_950_9_NumPops=60_NumInd=20Bayenv2LFMMpca.Cpval","All","Neutral",339.874310816436,0.08826569385211
"66","1R_R60_1351142986_950_9_NumPops=60_NumInd=20Bayenv2LFMMpca.Cpval","All","MCD 0.75",335.1739779386,0.349626565782056
"67","1R_R60_1351142986_950_9_NumPops=60_NumInd=20Bayenv2LFMMpca.Cpval","All","MCD 0.99",357.793725559108,0.234273953790265
"68","1R_R60_1351142986_950_9_NumPops=60_NumInd=30Bayenv2LFMMpca.Cpval","Neutral","All",907.811231381859,0.136296610370806
"69","1R_R60_1351142986_950_9_NumPops=60_NumInd=30Bayenv2LFMMpca.Cpval","Neutral","MCD 0.75",1.16483010534672,0.073625404402223
"70","1R_R60_1351142986_950_9_NumPops=60_NumInd=30Bayenv2LFMMpca.Cpval","Neutral","MCD 0.99",0.202054836132335,0.0378684884271639
"71","1R_R60_1351142986_950_9_NumPops=60_NumInd=30Bayenv2LFMMpca.Cpval","All","Neutral",907.811231381859,0.136296610370806
"72","1R_R60_1351142986_950_9_NumPops=60_NumInd=30Bayenv2LFMMpca.Cpval","All","MCD 0.75",844.689274297899,0.407983116897188
"73","1R_R60_1351142986_950_9_NumPops=60_NumInd=30Bayenv2LFMMpca.Cpval","All","MCD 0.99",935.086797524576,0.317594485105405
"74","1R_R90_1351142954_453_1_NumPops=90_NumInd=20Bayenv2LFMMpca.Cpval","Neutral","All",787.000017586226,0.15160636039987
"75","1R_R90_1351142954_453_1_NumPops=90_NumInd=20Bayenv2LFMMpca.Cpval","Neutral","MCD 0.75",2.53699361893872,0.0364148198105024
"76","1R_R90_1351142954_453_1_NumPops=90_NumInd=20Bayenv2LFMMpca.Cpval","Neutral","MCD 0.99",0.00393627488158122,0.0173758219968017
"77","1R_R90_1351142954_453_1_NumPops=90_NumInd=20Bayenv2LFMMpca.Cpval","All","Neutral",787.000017586226,0.15160636039987
"78","1R_R90_1351142954_453_1_NumPops=90_NumInd=20Bayenv2LFMMpca.Cpval","All","MCD 0.75",701.047976274838,0.33283925211125
"79","1R_R90_1351142954_453_1_NumPops=90_NumInd=20Bayenv2LFMMpca.Cpval","All","MCD 0.99",784.599927089571,0.270980303621171
"80","1R_R90_1351142954_453_1_NumPops=90_NumInd=6Bayenv2LFMMpca.Cpval","Neutral","All",32.637182151719,0.0332308864942373
"81","1R_R90_1351142954_453_1_NumPops=90_NumInd=6Bayenv2LFMMpca.Cpval","Neutral","MCD 0.75",0.025347833267226,0.049988732698619
"82","1R_R90_1351142954_453_1_NumPops=90_NumInd=6Bayenv2LFMMpca.Cpval","Neutral","MCD 0.99",0.0515065120202184,0.0172225080385731
"83","1R_R90_1351142954_453_1_NumPops=90_NumInd=6Bayenv2LFMMpca.Cpval","All","Neutral",32.637182151719,0.0332308864942373
"84","1R_R90_1351142954_453_1_NumPops=90_NumInd=6Bayenv2LFMMpca.Cpval","All","MCD 0.75",33.2671091753701,0.160656381057093
"85","1R_R90_1351142954_453_1_NumPops=90_NumInd=6Bayenv2LFMMpca.Cpval","All","MCD 0.99",35.2170428950496,0.09744703861288
"86","1R_R90_1351142970_988_5_NumPops=90_NumInd=20Bayenv2LFMMpca.Cpval","Neutral","All",683.768130979375,0.130978289296846
"87","1R_R90_1351142970_988_5_NumPops=90_NumInd=20Bayenv2LFMMpca.Cpval","Neutral","MCD 0.75",2.36757553145477,0.0471783290879741
"88","1R_R90_1351142970_988_5_NumPops=90_NumInd=20Bayenv2LFMMpca.Cpval","Neutral","MCD 0.99",0.00865511359963938,0.0261668948478219
"89","1R_R90_1351142970_988_5_NumPops=90_NumInd=20Bayenv2LFMMpca.Cpval","All","Neutral",683.768130979375,0.130978289296846
"90","1R_R90_1351142970_988_5_NumPops=90_NumInd=20Bayenv2LFMMpca.Cpval","All","MCD 0.75",606.430819334665,0.333327244532045
"91","1R_R90_1351142970_988_5_NumPops=90_NumInd=20Bayenv2LFMMpca.Cpval","All","MCD 0.99",688.264761986275,0.273996750407784
"92","1R_R90_1351142970_988_5_NumPops=90_NumInd=6Bayenv2LFMMpca.Cpval","Neutral","All",16.850913663058,0.0250400707153823
"93","1R_R90_1351142970_988_5_NumPops=90_NumInd=6Bayenv2LFMMpca.Cpval","Neutral","MCD 0.75",0.00553402144338881,0.0345615920814981
"94","1R_R90_1351142970_988_5_NumPops=90_NumInd=6Bayenv2LFMMpca.Cpval","Neutral","MCD 0.99",0.0620831453082343,0.0134933067807628
"95","1R_R90_1351142970_988_5_NumPops=90_NumInd=6Bayenv2LFMMpca.Cpval","All","Neutral",16.850913663058,0.0250400707153823
"96","1R_R90_1351142970_988_5_NumPops=90_NumInd=6Bayenv2LFMMpca.Cpval","All","MCD 0.75",17.247016227797,0.11634873567043
"97","1R_R90_1351142970_988_5_NumPops=90_NumInd=6Bayenv2LFMMpca.Cpval","All","MCD 0.99",18.9077956039,0.0748142940174946
"98","1R_R90_1351142986_950_9_NumPops=90_NumInd=20Bayenv2LFMMpca.Cpval","Neutral","All",924.829975176388,0.131440439919587
"99","1R_R90_1351142986_950_9_NumPops=90_NumInd=20Bayenv2LFMMpca.Cpval","Neutral","MCD 0.75",2.09777454018052,0.0577794389177935
"100","1R_R90_1351142986_950_9_NumPops=90_NumInd=20Bayenv2LFMMpca.Cpval","Neutral","MCD 0.99",0.0159308759552823,0.0243687325145829
"101","1R_R90_1351142986_950_9_NumPops=90_NumInd=20Bayenv2LFMMpca.Cpval","All","Neutral",924.829975176388,0.131440439919587
"102","1R_R90_1351142986_950_9_NumPops=90_NumInd=20Bayenv2LFMMpca.Cpval","All","MCD 0.75",839.947153472463,0.359621226127027
"103","1R_R90_1351142986_950_9_NumPops=90_NumInd=20Bayenv2LFMMpca.Cpval","All","MCD 0.99",932.216333064555,0.268270125761877
"104","1R_R90_1351142986_950_9_NumPops=90_NumInd=6Bayenv2LFMMpca.Cpval","Neutral","All",9.40810687262707,0.0176463006359596
"105","1R_R90_1351142986_950_9_NumPops=90_NumInd=6Bayenv2LFMMpca.Cpval","Neutral","MCD 0.75",0.0821080575136269,0.0364214534562096
"106","1R_R90_1351142986_950_9_NumPops=90_NumInd=6Bayenv2LFMMpca.Cpval","Neutral","MCD 0.99",0.019280116215058,0.0119515131932397
"107","1R_R90_1351142986_950_9_NumPops=90_NumInd=6Bayenv2LFMMpca.Cpval","All","Neutral",9.40810687262707,0.0176463006359596
"108","1R_R90_1351142986_950_9_NumPops=90_NumInd=6Bayenv2LFMMpca.Cpval","All","MCD 0.75",8.04901894073521,0.101450895743807
"109","1R_R90_1351142986_950_9_NumPops=90_NumInd=6Bayenv2LFMMpca.Cpval","All","MCD 0.99",10.2627313591994,0.0578162780074095
"110","2R_R30_1351142954_453_2_NumPops=30_NumInd=20Bayenv2LFMMpca.Cpval","Neutral","All",4.77770385022307,0.0165128413179843
"111","2R_R30_1351142954_453_2_NumPops=30_NumInd=20Bayenv2LFMMpca.Cpval","Neutral","MCD 0.75",0.098713111465227,0.0567961060418796
"112","2R_R30_1351142954_453_2_NumPops=30_NumInd=20Bayenv2LFMMpca.Cpval","Neutral","MCD 0.99",0.13581950518237,0.018227352405451
"113","2R_R30_1351142954_453_2_NumPops=30_NumInd=20Bayenv2LFMMpca.Cpval","All","Neutral",4.77770385022307,0.0165128413179843
"114","2R_R30_1351142954_453_2_NumPops=30_NumInd=20Bayenv2LFMMpca.Cpval","All","MCD 0.75",6.08142453556708,0.132095880322993
"115","2R_R30_1351142954_453_2_NumPops=30_NumInd=20Bayenv2LFMMpca.Cpval","All","MCD 0.99",6.24518355378458,0.0679506836397182
"116","2R_R30_1351142954_453_2_NumPops=30_NumInd=60Bayenv2LFMMpca.Cpval","Neutral","All",2312.98929390115,0.29087113868542
"117","2R_R30_1351142954_453_2_NumPops=30_NumInd=60Bayenv2LFMMpca.Cpval","Neutral","MCD 0.75",0.0708602823773511,0.0775523425882815
"118","2R_R30_1351142954_453_2_NumPops=30_NumInd=60Bayenv2LFMMpca.Cpval","Neutral","MCD 0.99",0.208102642923716,0.0328450557525509
"119","2R_R30_1351142954_453_2_NumPops=30_NumInd=60Bayenv2LFMMpca.Cpval","All","Neutral",2312.98929390115,0.29087113868542
"120","2R_R30_1351142954_453_2_NumPops=30_NumInd=60Bayenv2LFMMpca.Cpval","All","MCD 0.75",2289.45530035689,0.667101946897421
"121","2R_R30_1351142954_453_2_NumPops=30_NumInd=60Bayenv2LFMMpca.Cpval","All","MCD 0.99",2357.053395698,0.519024091063222
"122","2R_R30_1351142970_988_6_NumPops=30_NumInd=20Bayenv2LFMMpca.Cpval","Neutral","All",1.70818464402453,0.0105762011813548
"123","2R_R30_1351142970_988_6_NumPops=30_NumInd=20Bayenv2LFMMpca.Cpval","Neutral","MCD 0.75",0.053442217376345,0.0499498703465082
"124","2R_R30_1351142970_988_6_NumPops=30_NumInd=20Bayenv2LFMMpca.Cpval","Neutral","MCD 0.99",0.0986022497857818,0.0165547313884049
"125","2R_R30_1351142970_988_6_NumPops=30_NumInd=20Bayenv2LFMMpca.Cpval","All","Neutral",1.70818464402453,0.0105762011813548
"126","2R_R30_1351142970_988_6_NumPops=30_NumInd=20Bayenv2LFMMpca.Cpval","All","MCD 0.75",2.33807256359685,0.104075883130739
"127","2R_R30_1351142970_988_6_NumPops=30_NumInd=20Bayenv2LFMMpca.Cpval","All","MCD 0.99",2.60406530441447,0.0530477771641372
"128","2R_R30_1351142970_988_6_NumPops=30_NumInd=60Bayenv2LFMMpca.Cpval","Neutral","All",849.996733398282,0.198905004862824
"129","2R_R30_1351142970_988_6_NumPops=30_NumInd=60Bayenv2LFMMpca.Cpval","Neutral","MCD 0.75",0.269875239626516,0.056335803817346
"130","2R_R30_1351142970_988_6_NumPops=30_NumInd=60Bayenv2LFMMpca.Cpval","Neutral","MCD 0.99",0.105643314813238,0.0268193080217527
"131","2R_R30_1351142970_988_6_NumPops=30_NumInd=60Bayenv2LFMMpca.Cpval","All","Neutral",849.996733398282,0.198905004862824
"132","2R_R30_1351142970_988_6_NumPops=30_NumInd=60Bayenv2LFMMpca.Cpval","All","MCD 0.75",820.326084877733,0.465209684042789
"133","2R_R30_1351142970_988_6_NumPops=30_NumInd=60Bayenv2LFMMpca.Cpval","All","MCD 0.99",869.028172272249,0.371433605995863
"134","2R_R30_1351142986_950_10_NumPops=30_NumInd=20Bayenv2LFMMpca.Cpval","Neutral","All",1.89769915197077,0.00958028425813949
"135","2R_R30_1351142986_950_10_NumPops=30_NumInd=20Bayenv2LFMMpca.Cpval","Neutral","MCD 0.75",0.00833098551666457,0.0463164650605247
"136","2R_R30_1351142986_950_10_NumPops=30_NumInd=20Bayenv2LFMMpca.Cpval","Neutral","MCD 0.99",0.043503792944133,0.0146924092440949
"137","2R_R30_1351142986_950_10_NumPops=30_NumInd=20Bayenv2LFMMpca.Cpval","All","Neutral",1.89769915197077,0.00958028425813949
"138","2R_R30_1351142986_950_10_NumPops=30_NumInd=20Bayenv2LFMMpca.Cpval","All","MCD 0.75",2.06273653266423,0.0975312713769649
"139","2R_R30_1351142986_950_10_NumPops=30_NumInd=20Bayenv2LFMMpca.Cpval","All","MCD 0.99",2.47210354023185,0.0477046532441087
"140","2R_R30_1351142986_950_10_NumPops=30_NumInd=60Bayenv2LFMMpca.Cpval","Neutral","All",1127.75750782872,0.224365273862499
"141","2R_R30_1351142986_950_10_NumPops=30_NumInd=60Bayenv2LFMMpca.Cpval","Neutral","MCD 0.75",0.376017314080108,0.0926586708168788
"142","2R_R30_1351142986_950_10_NumPops=30_NumInd=60Bayenv2LFMMpca.Cpval","Neutral","MCD 0.99",0.125394732557785,0.039309100442981
"143","2R_R30_1351142986_950_10_NumPops=30_NumInd=60Bayenv2LFMMpca.Cpval","All","Neutral",1127.75750782872,0.224365273862499
"144","2R_R30_1351142986_950_10_NumPops=30_NumInd=60Bayenv2LFMMpca.Cpval","All","MCD 0.75",1088.01873207393,0.603040520341375
"145","2R_R30_1351142986_950_10_NumPops=30_NumInd=60Bayenv2LFMMpca.Cpval","All","MCD 0.99",1151.60691033447,0.451057400054676
"146","2R_R60_1351142954_453_2_NumPops=60_NumInd=20Bayenv2LFMMpca.Cpval","Neutral","All",1282.29718030943,0.228095204878173
"147","2R_R60_1351142954_453_2_NumPops=60_NumInd=20Bayenv2LFMMpca.Cpval","Neutral","MCD 0.75",0.00698914337749645,0.0386502012195818
"148","2R_R60_1351142954_453_2_NumPops=60_NumInd=20Bayenv2LFMMpca.Cpval","Neutral","MCD 0.99",0.0880395463744115,0.0152167797329651
"149","2R_R60_1351142954_453_2_NumPops=60_NumInd=20Bayenv2LFMMpca.Cpval","All","Neutral",1282.29718030943,0.228095204878173
"150","2R_R60_1351142954_453_2_NumPops=60_NumInd=20Bayenv2LFMMpca.Cpval","All","MCD 0.75",1281.22106617492,0.439956280152319
"151","2R_R60_1351142954_453_2_NumPops=60_NumInd=20Bayenv2LFMMpca.Cpval","All","MCD 0.99",1303.54048938264,0.35828055881477
"152","2R_R60_1351142954_453_2_NumPops=60_NumInd=30Bayenv2LFMMpca.Cpval","Neutral","All",2153.64744327303,0.295016460637706
"153","2R_R60_1351142954_453_2_NumPops=60_NumInd=30Bayenv2LFMMpca.Cpval","Neutral","MCD 0.75",0.493013988133706,0.0604937516058399
"154","2R_R60_1351142954_453_2_NumPops=60_NumInd=30Bayenv2LFMMpca.Cpval","Neutral","MCD 0.99",0.0552653350326582,0.0215936363266
"155","2R_R60_1351142954_453_2_NumPops=60_NumInd=30Bayenv2LFMMpca.Cpval","All","Neutral",2153.64744327303,0.295016460637706
"156","2R_R60_1351142954_453_2_NumPops=60_NumInd=30Bayenv2LFMMpca.Cpval","All","MCD 0.75",2090.25542217808,0.619475664511388
"157","2R_R60_1351142954_453_2_NumPops=60_NumInd=30Bayenv2LFMMpca.Cpval","All","MCD 0.99",2175.4388537585,0.475891344889664
"158","2R_R60_1351142970_988_6_NumPops=60_NumInd=20Bayenv2LFMMpca.Cpval","Neutral","All",772.717764705697,0.192828345057194
"159","2R_R60_1351142970_988_6_NumPops=60_NumInd=20Bayenv2LFMMpca.Cpval","Neutral","MCD 0.75",0.00721664597783662,0.0461794687636637
"160","2R_R60_1351142970_988_6_NumPops=60_NumInd=20Bayenv2LFMMpca.Cpval","Neutral","MCD 0.99",0.117509582515476,0.0197934587235096
"161","2R_R60_1351142970_988_6_NumPops=60_NumInd=20Bayenv2LFMMpca.Cpval","All","Neutral",772.717764705697,0.192828345057194
"162","2R_R60_1351142970_988_6_NumPops=60_NumInd=20Bayenv2LFMMpca.Cpval","All","MCD 0.75",773.126894767905,0.420148071909656
"163","2R_R60_1351142970_988_6_NumPops=60_NumInd=20Bayenv2LFMMpca.Cpval","All","MCD 0.99",791.814090183752,0.334256176994143
"164","2R_R60_1351142970_988_6_NumPops=60_NumInd=30Bayenv2LFMMpca.Cpval","Neutral","All",1390.65510041896,0.255825697239001
"165","2R_R60_1351142970_988_6_NumPops=60_NumInd=30Bayenv2LFMMpca.Cpval","Neutral","MCD 0.75",0.538357774621889,0.0436386218896916
"166","2R_R60_1351142970_988_6_NumPops=60_NumInd=30Bayenv2LFMMpca.Cpval","Neutral","MCD 0.99",0.0408161967523598,0.019624402622495
"167","2R_R60_1351142970_988_6_NumPops=60_NumInd=30Bayenv2LFMMpca.Cpval","All","Neutral",1390.65510041896,0.255825697239001
"168","2R_R60_1351142970_988_6_NumPops=60_NumInd=30Bayenv2LFMMpca.Cpval","All","MCD 0.75",1337.18700205824,0.506977543248209
"169","2R_R60_1351142970_988_6_NumPops=60_NumInd=30Bayenv2LFMMpca.Cpval","All","MCD 0.99",1405.66767459244,0.416200855285153
"170","2R_R60_1351142986_950_10_NumPops=60_NumInd=20Bayenv2LFMMpca.Cpval","Neutral","All",952.391056939112,0.212998423904737
"171","2R_R60_1351142986_950_10_NumPops=60_NumInd=20Bayenv2LFMMpca.Cpval","Neutral","MCD 0.75",0.192510770499059,0.0411626037397085
"172","2R_R60_1351142986_950_10_NumPops=60_NumInd=20Bayenv2LFMMpca.Cpval","Neutral","MCD 0.99",0.0495267076610187,0.0182739582225437
"173","2R_R60_1351142986_950_10_NumPops=60_NumInd=20Bayenv2LFMMpca.Cpval","All","Neutral",952.391056939112,0.212998423904737
"174","2R_R60_1351142986_950_10_NumPops=60_NumInd=20Bayenv2LFMMpca.Cpval","All","MCD 0.75",926.08182803198,0.433274977654763
"175","2R_R60_1351142986_950_10_NumPops=60_NumInd=20Bayenv2LFMMpca.Cpval","All","MCD 0.99",966.128238767617,0.35453566585505
"176","2R_R60_1351142986_950_10_NumPops=60_NumInd=30Bayenv2LFMMpca.Cpval","Neutral","All",1844.00364977271,0.301289721072226
"177","2R_R60_1351142986_950_10_NumPops=60_NumInd=30Bayenv2LFMMpca.Cpval","Neutral","MCD 0.75",1.09986705571186,0.0374311472558069
"178","2R_R60_1351142986_950_10_NumPops=60_NumInd=30Bayenv2LFMMpca.Cpval","Neutral","MCD 0.99",0.00393116259995811,0.0173722610991956
"179","2R_R60_1351142986_950_10_NumPops=60_NumInd=30Bayenv2LFMMpca.Cpval","All","Neutral",1844.00364977271,0.301289721072226
"180","2R_R60_1351142986_950_10_NumPops=60_NumInd=30Bayenv2LFMMpca.Cpval","All","MCD 0.75",1755.84218864075,0.546660790356911
"181","2R_R60_1351142986_950_10_NumPops=60_NumInd=30Bayenv2LFMMpca.Cpval","All","MCD 0.99",1849.1379321589,0.462447872762428
"182","2R_R90_1351142954_453_2_NumPops=90_NumInd=20Bayenv2LFMMpca.Cpval","Neutral","All",2049.30431005069,0.298365514162771
"183","2R_R90_1351142954_453_2_NumPops=90_NumInd=20Bayenv2LFMMpca.Cpval","Neutral","MCD 0.75",0.772609277704669,0.0452432625551317
"184","2R_R90_1351142954_453_2_NumPops=90_NumInd=20Bayenv2LFMMpca.Cpval","Neutral","MCD 0.99",0.0174510189415491,0.0188606026663734
"185","2R_R90_1351142954_453_2_NumPops=90_NumInd=20Bayenv2LFMMpca.Cpval","All","Neutral",2049.30431005069,0.298365514162771
"186","2R_R90_1351142954_453_2_NumPops=90_NumInd=20Bayenv2LFMMpca.Cpval","All","MCD 0.75",1971.49127131168,0.568160362653416
"187","2R_R90_1351142954_453_2_NumPops=90_NumInd=20Bayenv2LFMMpca.Cpval","All","MCD 0.99",2061.08973872006,0.465583242727875
"188","2R_R90_1351142954_453_2_NumPops=90_NumInd=6Bayenv2LFMMpca.Cpval","Neutral","All",5.41805148557469,0.0169136495122474
"189","2R_R90_1351142954_453_2_NumPops=90_NumInd=6Bayenv2LFMMpca.Cpval","Neutral","MCD 0.75",0.00987980036643387,0.0354989255452646
"190","2R_R90_1351142954_453_2_NumPops=90_NumInd=6Bayenv2LFMMpca.Cpval","Neutral","MCD 0.99",0.0525293719161368,0.0116832296049493
"191","2R_R90_1351142954_453_2_NumPops=90_NumInd=6Bayenv2LFMMpca.Cpval","All","Neutral",5.41805148557469,0.0169136495122474
"192","2R_R90_1351142954_453_2_NumPops=90_NumInd=6Bayenv2LFMMpca.Cpval","All","MCD 0.75",5.76063484432575,0.0985081947600304
"193","2R_R90_1351142954_453_2_NumPops=90_NumInd=6Bayenv2LFMMpca.Cpval","All","MCD 0.99",6.1078219782035,0.0542466862058655
"194","2R_R90_1351142970_988_6_NumPops=90_NumInd=20Bayenv2LFMMpca.Cpval","Neutral","All",1348.54910750696,0.249605428055905
"195","2R_R90_1351142970_988_6_NumPops=90_NumInd=20Bayenv2LFMMpca.Cpval","Neutral","MCD 0.75",1.08816979816316,0.0354371607015209
"196","2R_R90_1351142970_988_6_NumPops=90_NumInd=20Bayenv2LFMMpca.Cpval","Neutral","MCD 0.99",0.0215584971399155,0.016064903199419
"197","2R_R90_1351142970_988_6_NumPops=90_NumInd=20Bayenv2LFMMpca.Cpval","All","Neutral",1348.54910750696,0.249605428055905
"198","2R_R90_1351142970_988_6_NumPops=90_NumInd=20Bayenv2LFMMpca.Cpval","All","MCD 0.75",1273.63199935305,0.46472065468401
"199","2R_R90_1351142970_988_6_NumPops=90_NumInd=20Bayenv2LFMMpca.Cpval","All","MCD 0.99",1358.84138773852,0.390059999897746
"200","2R_R90_1351142970_988_6_NumPops=90_NumInd=6Bayenv2LFMMpca.Cpval","Neutral","All",1.46075739669974,0.00950935297007342
"201","2R_R90_1351142970_988_6_NumPops=90_NumInd=6Bayenv2LFMMpca.Cpval","Neutral","MCD 0.75",0.0144334534542003,0.0419805130026623
"202","2R_R90_1351142970_988_6_NumPops=90_NumInd=6Bayenv2LFMMpca.Cpval","Neutral","MCD 0.99",0.0749787320032258,0.0154061699877848
"203","2R_R90_1351142970_988_6_NumPops=90_NumInd=6Bayenv2LFMMpca.Cpval","All","Neutral",1.46075739669974,0.00950935297007342
"204","2R_R90_1351142970_988_6_NumPops=90_NumInd=6Bayenv2LFMMpca.Cpval","All","MCD 0.75",1.73689688557367,0.0902318090805468
"205","2R_R90_1351142970_988_6_NumPops=90_NumInd=6Bayenv2LFMMpca.Cpval","All","MCD 0.99",2.10657296728211,0.0485022023096607
"206","2R_R90_1351142986_950_10_NumPops=90_NumInd=20Bayenv2LFMMpca.Cpval","Neutral","All",1520.15636159597,0.263961737327138
"207","2R_R90_1351142986_950_10_NumPops=90_NumInd=20Bayenv2LFMMpca.Cpval","Neutral","MCD 0.75",2.01903403170417,0.0281770728200482
"208","2R_R90_1351142986_950_10_NumPops=90_NumInd=20Bayenv2LFMMpca.Cpval","Neutral","MCD 0.99",0.0021292084507192,0.013107525505702
"209","2R_R90_1351142986_950_10_NumPops=90_NumInd=20Bayenv2LFMMpca.Cpval","All","Neutral",1520.15636159597,0.263961737327138
"210","2R_R90_1351142986_950_10_NumPops=90_NumInd=20Bayenv2LFMMpca.Cpval","All","MCD 0.75",1412.30905569132,0.458357031377025
"211","2R_R90_1351142986_950_10_NumPops=90_NumInd=20Bayenv2LFMMpca.Cpval","All","MCD 0.99",1517.56035493422,0.39335533874663
"212","2R_R90_1351142986_950_10_NumPops=90_NumInd=6Bayenv2LFMMpca.Cpval","Neutral","All",1.37199954180389,0.00813390029847782
"213","2R_R90_1351142986_950_10_NumPops=90_NumInd=6Bayenv2LFMMpca.Cpval","Neutral","MCD 0.75",0.00873119280715008,0.0406777075957165
"214","2R_R90_1351142986_950_10_NumPops=90_NumInd=6Bayenv2LFMMpca.Cpval","Neutral","MCD 0.99",0.0743609910363367,0.0148510141005439
"215","2R_R90_1351142986_950_10_NumPops=90_NumInd=6Bayenv2LFMMpca.Cpval","All","Neutral",1.37199954180389,0.00813390029847782
"216","2R_R90_1351142986_950_10_NumPops=90_NumInd=6Bayenv2LFMMpca.Cpval","All","MCD 0.75",1.53203041008625,0.0830700286698905
"217","2R_R90_1351142986_950_10_NumPops=90_NumInd=6Bayenv2LFMMpca.Cpval","All","MCD 0.99",1.91174097482739,0.0435907961676073
"218","IBD_R30_1351142954_453_3_NumPops=30_NumInd=20Bayenv2LFMMpca.Cpval","Neutral","All",495.551586693937,0.198496480767989
"219","IBD_R30_1351142954_453_3_NumPops=30_NumInd=20Bayenv2LFMMpca.Cpval","Neutral","MCD 0.75",0.0732521144590778,0.0308131741576278
"220","IBD_R30_1351142954_453_3_NumPops=30_NumInd=20Bayenv2LFMMpca.Cpval","Neutral","MCD 0.99",0.0104239660085766,0.00830836452328256
"221","IBD_R30_1351142954_453_3_NumPops=30_NumInd=20Bayenv2LFMMpca.Cpval","All","Neutral",495.551586693937,0.198496480767989
"222","IBD_R30_1351142954_453_3_NumPops=30_NumInd=20Bayenv2LFMMpca.Cpval","All","MCD 0.75",485.999944792942,0.338617786617389
"223","IBD_R30_1351142954_453_3_NumPops=30_NumInd=20Bayenv2LFMMpca.Cpval","All","MCD 0.99",494.413782124113,0.26830134883307
"224","IBD_R30_1351142954_453_3_NumPops=30_NumInd=60Bayenv2LFMMpca.Cpval","Neutral","All",990.921092104111,0.273157344858353
"225","IBD_R30_1351142954_453_3_NumPops=30_NumInd=60Bayenv2LFMMpca.Cpval","Neutral","MCD 0.75",8.07179007083296,0.108519789889608
"226","IBD_R30_1351142954_453_3_NumPops=30_NumInd=60Bayenv2LFMMpca.Cpval","Neutral","MCD 0.99",0.0582374297483011,0.0329969185651935
"227","IBD_R30_1351142954_453_3_NumPops=30_NumInd=60Bayenv2LFMMpca.Cpval","All","Neutral",990.921092104111,0.273157344858353
"228","IBD_R30_1351142954_453_3_NumPops=30_NumInd=60Bayenv2LFMMpca.Cpval","All","MCD 0.75",821.940309303644,0.716451859040058
"229","IBD_R30_1351142954_453_3_NumPops=30_NumInd=60Bayenv2LFMMpca.Cpval","All","MCD 0.99",977.609974908405,0.493709520720239
"230","IBD_R30_1351142970_988_7_NumPops=30_NumInd=20Bayenv2LFMMpca.Cpval","Neutral","All",486.191749581125,0.19621550767928
"231","IBD_R30_1351142970_988_7_NumPops=30_NumInd=20Bayenv2LFMMpca.Cpval","Neutral","MCD 0.75",0.0748018429019921,0.0325066158863751
"232","IBD_R30_1351142970_988_7_NumPops=30_NumInd=20Bayenv2LFMMpca.Cpval","Neutral","MCD 0.99",0.0028970150001011,0.00859164517970643
"233","IBD_R30_1351142970_988_7_NumPops=30_NumInd=20Bayenv2LFMMpca.Cpval","All","Neutral",486.191749581125,0.19621550767928
"234","IBD_R30_1351142970_988_7_NumPops=30_NumInd=20Bayenv2LFMMpca.Cpval","All","MCD 0.75",474.913744578123,0.342395298985465
"235","IBD_R30_1351142970_988_7_NumPops=30_NumInd=20Bayenv2LFMMpca.Cpval","All","MCD 0.99",485.484038236678,0.272954044209951
"236","IBD_R30_1351142970_988_7_NumPops=30_NumInd=60Bayenv2LFMMpca.Cpval","Neutral","All",856.127623190995,0.262277596021889
"237","IBD_R30_1351142970_988_7_NumPops=30_NumInd=60Bayenv2LFMMpca.Cpval","Neutral","MCD 0.75",7.30822081541662,0.0934501726377991
"238","IBD_R30_1351142970_988_7_NumPops=30_NumInd=60Bayenv2LFMMpca.Cpval","Neutral","MCD 0.99",0.0349892028254738,0.0366192286639025
"239","IBD_R30_1351142970_988_7_NumPops=30_NumInd=60Bayenv2LFMMpca.Cpval","All","Neutral",856.127623190995,0.262277596021889
"240","IBD_R30_1351142970_988_7_NumPops=30_NumInd=60Bayenv2LFMMpca.Cpval","All","MCD 0.75",706.107897480748,0.656190074348886
"241","IBD_R30_1351142970_988_7_NumPops=30_NumInd=60Bayenv2LFMMpca.Cpval","All","MCD 0.99",847.004443840877,0.491849203450378
"242","IBD_R30_1351142986_950_11_NumPops=30_NumInd=20Bayenv2LFMMpca.Cpval","Neutral","All",350.647352322705,0.16873328519112
"243","IBD_R30_1351142986_950_11_NumPops=30_NumInd=20Bayenv2LFMMpca.Cpval","Neutral","MCD 0.75",0.0480822185445135,0.0434014779543445
"244","IBD_R30_1351142986_950_11_NumPops=30_NumInd=20Bayenv2LFMMpca.Cpval","Neutral","MCD 0.99",0.00744334695457761,0.0111434048297802
"245","IBD_R30_1351142986_950_11_NumPops=30_NumInd=20Bayenv2LFMMpca.Cpval","All","Neutral",350.647352322705,0.16873328519112
"246","IBD_R30_1351142986_950_11_NumPops=30_NumInd=20Bayenv2LFMMpca.Cpval","All","MCD 0.75",344.407445534553,0.346150594555886
"247","IBD_R30_1351142986_950_11_NumPops=30_NumInd=20Bayenv2LFMMpca.Cpval","All","MCD 0.99",352.167833852237,0.255595376754469
"248","IBD_R30_1351142986_950_11_NumPops=30_NumInd=60Bayenv2LFMMpca.Cpval","Neutral","All",949.471965729332,0.266909781720283
"249","IBD_R30_1351142986_950_11_NumPops=30_NumInd=60Bayenv2LFMMpca.Cpval","Neutral","MCD 0.75",8.39430519359708,0.0933014495363
"250","IBD_R30_1351142986_950_11_NumPops=30_NumInd=60Bayenv2LFMMpca.Cpval","Neutral","MCD 0.99",0.0411658193098863,0.0360324710732914
"251","IBD_R30_1351142986_950_11_NumPops=30_NumInd=60Bayenv2LFMMpca.Cpval","All","Neutral",949.471965729332,0.266909781720283
"252","IBD_R30_1351142986_950_11_NumPops=30_NumInd=60Bayenv2LFMMpca.Cpval","All","MCD 0.75",780.482669841556,0.662614555583753
"253","IBD_R30_1351142986_950_11_NumPops=30_NumInd=60Bayenv2LFMMpca.Cpval","All","MCD 0.99",938.93122751474,0.496148698548749
"254","IBD_R60_1351142954_453_3_NumPops=60_NumInd=20Bayenv2LFMMpca.Cpval","Neutral","All",1035.81079052364,0.289771445359804
"255","IBD_R60_1351142954_453_3_NumPops=60_NumInd=20Bayenv2LFMMpca.Cpval","Neutral","MCD 0.75",0.767619293081088,0.0432023103911519
"256","IBD_R60_1351142954_453_3_NumPops=60_NumInd=20Bayenv2LFMMpca.Cpval","Neutral","MCD 0.99",0.00898267434944525,0.0134678136492593
"257","IBD_R60_1351142954_453_3_NumPops=60_NumInd=20Bayenv2LFMMpca.Cpval","All","Neutral",1035.81079052364,0.289771445359804
"258","IBD_R60_1351142954_453_3_NumPops=60_NumInd=20Bayenv2LFMMpca.Cpval","All","MCD 0.75",980.748444147378,0.525942260296482
"259","IBD_R60_1351142954_453_3_NumPops=60_NumInd=20Bayenv2LFMMpca.Cpval","All","MCD 0.99",1031.06066075944,0.420756675458084
"260","IBD_R60_1351142954_453_3_NumPops=60_NumInd=30Bayenv2LFMMpca.Cpval","Neutral","All",1144.95473416451,0.303286248693394
"261","IBD_R60_1351142954_453_3_NumPops=60_NumInd=30Bayenv2LFMMpca.Cpval","Neutral","MCD 0.75",5.60217251375214,0.0603432656660371
"262","IBD_R60_1351142954_453_3_NumPops=60_NumInd=30Bayenv2LFMMpca.Cpval","Neutral","MCD 0.99",0.088093269490918,0.018440077898434
"263","IBD_R60_1351142954_453_3_NumPops=60_NumInd=30Bayenv2LFMMpca.Cpval","All","Neutral",1144.95473416451,0.303286248693394
"264","IBD_R60_1351142954_453_3_NumPops=60_NumInd=30Bayenv2LFMMpca.Cpval","All","MCD 0.75",991.292225612363,0.6238009400031
"265","IBD_R60_1351142954_453_3_NumPops=60_NumInd=30Bayenv2LFMMpca.Cpval","All","MCD 0.99",1125.62596621942,0.468892640505773
"266","IBD_R60_1351142970_988_7_NumPops=60_NumInd=20Bayenv2LFMMpca.Cpval","Neutral","All",934.398790516662,0.277831513976632
"267","IBD_R60_1351142970_988_7_NumPops=60_NumInd=20Bayenv2LFMMpca.Cpval","Neutral","MCD 0.75",1.64100320280633,0.0329205589236481
"268","IBD_R60_1351142970_988_7_NumPops=60_NumInd=20Bayenv2LFMMpca.Cpval","Neutral","MCD 0.99",0.0411371157540202,0.0102731558507329
"269","IBD_R60_1351142970_988_7_NumPops=60_NumInd=20Bayenv2LFMMpca.Cpval","All","Neutral",934.398790516662,0.277831513976632
"270","IBD_R60_1351142970_988_7_NumPops=60_NumInd=20Bayenv2LFMMpca.Cpval","All","MCD 0.75",858.066385377654,0.46828796525795
"271","IBD_R60_1351142970_988_7_NumPops=60_NumInd=20Bayenv2LFMMpca.Cpval","All","MCD 0.99",922.502213168825,0.387179901551175
"272","IBD_R60_1351142970_988_7_NumPops=60_NumInd=30Bayenv2LFMMpca.Cpval","Neutral","All",1110.66374948104,0.302820580431823
"273","IBD_R60_1351142970_988_7_NumPops=60_NumInd=30Bayenv2LFMMpca.Cpval","Neutral","MCD 0.75",5.13359010997371,0.0463925409592214
"274","IBD_R60_1351142970_988_7_NumPops=60_NumInd=30Bayenv2LFMMpca.Cpval","Neutral","MCD 0.99",0.102063093429585,0.015534972154063
"275","IBD_R60_1351142970_988_7_NumPops=60_NumInd=30Bayenv2LFMMpca.Cpval","All","Neutral",1110.66374948104,0.302820580431823
"276","IBD_R60_1351142970_988_7_NumPops=60_NumInd=30Bayenv2LFMMpca.Cpval","All","MCD 0.75",965.42733995305,0.569196835046091
"277","IBD_R60_1351142970_988_7_NumPops=60_NumInd=30Bayenv2LFMMpca.Cpval","All","MCD 0.99",1090.03768385594,0.451782487192799
"278","IBD_R60_1351142986_950_11_NumPops=60_NumInd=20Bayenv2LFMMpca.Cpval","Neutral","All",1077.33742867989,0.298496634055463
"279","IBD_R60_1351142986_950_11_NumPops=60_NumInd=20Bayenv2LFMMpca.Cpval","Neutral","MCD 0.75",1.14420420693198,0.0360084022548562
"280","IBD_R60_1351142986_950_11_NumPops=60_NumInd=20Bayenv2LFMMpca.Cpval","Neutral","MCD 0.99",0.0106694552836966,0.0136063348464446
"281","IBD_R60_1351142986_950_11_NumPops=60_NumInd=20Bayenv2LFMMpca.Cpval","All","Neutral",1077.33742867989,0.298496634055463
"282","IBD_R60_1351142986_950_11_NumPops=60_NumInd=20Bayenv2LFMMpca.Cpval","All","MCD 0.75",1009.1314521186,0.52055948520131
"283","IBD_R60_1351142986_950_11_NumPops=60_NumInd=20Bayenv2LFMMpca.Cpval","All","MCD 0.99",1072.1710193667,0.434106830093074
"284","IBD_R60_1351142986_950_11_NumPops=60_NumInd=30Bayenv2LFMMpca.Cpval","Neutral","All",1353.90602769554,0.333719598131458
"285","IBD_R60_1351142986_950_11_NumPops=60_NumInd=30Bayenv2LFMMpca.Cpval","Neutral","MCD 0.75",7.14533305975255,0.0482068493461119
"286","IBD_R60_1351142986_950_11_NumPops=60_NumInd=30Bayenv2LFMMpca.Cpval","Neutral","MCD 0.99",0.142842094277287,0.0157908483481717
"287","IBD_R60_1351142986_950_11_NumPops=60_NumInd=30Bayenv2LFMMpca.Cpval","All","Neutral",1353.90602769554,0.333719598131458
"288","IBD_R60_1351142986_950_11_NumPops=60_NumInd=30Bayenv2LFMMpca.Cpval","All","MCD 0.75",1165.39995990394,0.618965718691995
"289","IBD_R60_1351142986_950_11_NumPops=60_NumInd=30Bayenv2LFMMpca.Cpval","All","MCD 0.99",1326.86668938406,0.490875799280014
"290","IBD_R90_1351142954_453_3_NumPops=90_NumInd=20Bayenv2LFMMpca.Cpval","Neutral","All",1253.57624231927,0.314942316398252
"291","IBD_R90_1351142954_453_3_NumPops=90_NumInd=20Bayenv2LFMMpca.Cpval","Neutral","MCD 0.75",4.9202016739807,0.0316825480385201
"292","IBD_R90_1351142954_453_3_NumPops=90_NumInd=20Bayenv2LFMMpca.Cpval","Neutral","MCD 0.99",0.108997225033201,0.0138481954679104
"293","IBD_R90_1351142954_453_3_NumPops=90_NumInd=20Bayenv2LFMMpca.Cpval","All","Neutral",1253.57624231927,0.314942316398252
"294","IBD_R90_1351142954_453_3_NumPops=90_NumInd=20Bayenv2LFMMpca.Cpval","All","MCD 0.75",1102.32010197209,0.529816184372811
"295","IBD_R90_1351142954_453_3_NumPops=90_NumInd=20Bayenv2LFMMpca.Cpval","All","MCD 0.99",1231.00974365661,0.45720928204619
"296","IBD_R90_1351142954_453_3_NumPops=90_NumInd=6Bayenv2LFMMpca.Cpval","Neutral","All",704.753690948718,0.237134651090595
"297","IBD_R90_1351142954_453_3_NumPops=90_NumInd=6Bayenv2LFMMpca.Cpval","Neutral","MCD 0.75",0.104876964116383,0.031867285526966
"298","IBD_R90_1351142954_453_3_NumPops=90_NumInd=6Bayenv2LFMMpca.Cpval","Neutral","MCD 0.99",0.0101704691428861,0.00661445644025091
"299","IBD_R90_1351142954_453_3_NumPops=90_NumInd=6Bayenv2LFMMpca.Cpval","All","Neutral",704.753690948718,0.237134651090595
"300","IBD_R90_1351142954_453_3_NumPops=90_NumInd=6Bayenv2LFMMpca.Cpval","All","MCD 0.75",690.748963410502,0.406408927655858
"301","IBD_R90_1351142954_453_3_NumPops=90_NumInd=6Bayenv2LFMMpca.Cpval","All","MCD 0.99",701.250384300699,0.313052865743654
"302","IBD_R90_1351142970_988_7_NumPops=90_NumInd=20Bayenv2LFMMpca.Cpval","Neutral","All",1064.53176034236,0.295228487951033
"303","IBD_R90_1351142970_988_7_NumPops=90_NumInd=20Bayenv2LFMMpca.Cpval","Neutral","MCD 0.75",4.67408666299797,0.0390835572443524
"304","IBD_R90_1351142970_988_7_NumPops=90_NumInd=20Bayenv2LFMMpca.Cpval","Neutral","MCD 0.99",0.0719997823888828,0.0164410185641572
"305","IBD_R90_1351142970_988_7_NumPops=90_NumInd=20Bayenv2LFMMpca.Cpval","All","Neutral",1064.53176034236,0.295228487951033
"306","IBD_R90_1351142970_988_7_NumPops=90_NumInd=20Bayenv2LFMMpca.Cpval","All","MCD 0.75",929.067794613139,0.529241234867174
"307","IBD_R90_1351142970_988_7_NumPops=90_NumInd=20Bayenv2LFMMpca.Cpval","All","MCD 0.99",1047.73093099209,0.446515328696938
"308","IBD_R90_1351142970_988_7_NumPops=90_NumInd=6Bayenv2LFMMpca.Cpval","Neutral","All",652.780901088527,0.22806726443112
"309","IBD_R90_1351142970_988_7_NumPops=90_NumInd=6Bayenv2LFMMpca.Cpval","Neutral","MCD 0.75",0.112690696653265,0.0172775363526218
"310","IBD_R90_1351142970_988_7_NumPops=90_NumInd=6Bayenv2LFMMpca.Cpval","Neutral","MCD 0.99",0.00856804404729884,0.0034189018209085
"311","IBD_R90_1351142970_988_7_NumPops=90_NumInd=6Bayenv2LFMMpca.Cpval","All","Neutral",652.780901088527,0.22806726443112
"312","IBD_R90_1351142970_988_7_NumPops=90_NumInd=6Bayenv2LFMMpca.Cpval","All","MCD 0.75",636.460303623848,0.315941121107291
"313","IBD_R90_1351142970_988_7_NumPops=90_NumInd=6Bayenv2LFMMpca.Cpval","All","MCD 0.99",648.53869729544,0.269482167234499
"314","IBD_R90_1351142986_950_11_NumPops=90_NumInd=20Bayenv2LFMMpca.Cpval","Neutral","All",1406.27033880241,0.332707352949671
"315","IBD_R90_1351142986_950_11_NumPops=90_NumInd=20Bayenv2LFMMpca.Cpval","Neutral","MCD 0.75",5.00593179361222,0.0352428006367183
"316","IBD_R90_1351142986_950_11_NumPops=90_NumInd=20Bayenv2LFMMpca.Cpval","Neutral","MCD 0.99",0.108940221344862,0.0146796278303388
"317","IBD_R90_1351142986_950_11_NumPops=90_NumInd=20Bayenv2LFMMpca.Cpval","All","Neutral",1406.27033880241,0.332707352949671
"318","IBD_R90_1351142986_950_11_NumPops=90_NumInd=20Bayenv2LFMMpca.Cpval","All","MCD 0.75",1244.36537968723,0.558972410674129
"319","IBD_R90_1351142986_950_11_NumPops=90_NumInd=20Bayenv2LFMMpca.Cpval","All","MCD 0.99",1382.37286026266,0.481373659579382
"320","IBD_R90_1351142986_950_11_NumPops=90_NumInd=6Bayenv2LFMMpca.Cpval","Neutral","All",599.321296802736,0.216790005712971
"321","IBD_R90_1351142986_950_11_NumPops=90_NumInd=6Bayenv2LFMMpca.Cpval","Neutral","MCD 0.75",0.0917383917705049,0.0237286562170867
"322","IBD_R90_1351142986_950_11_NumPops=90_NumInd=6Bayenv2LFMMpca.Cpval","Neutral","MCD 0.99",0.00781715775483523,0.00591709005062908
"323","IBD_R90_1351142986_950_11_NumPops=90_NumInd=6Bayenv2LFMMpca.Cpval","All","Neutral",599.321296802736,0.216790005712971
"324","IBD_R90_1351142986_950_11_NumPops=90_NumInd=6Bayenv2LFMMpca.Cpval","All","MCD 0.75",585.940866517456,0.322609520336411
"325","IBD_R90_1351142986_950_11_NumPops=90_NumInd=6Bayenv2LFMMpca.Cpval","All","MCD 0.99",596.551535070432,0.275418542796493
"326","IM_R30_1351142954_453_4_NumPops=30_NumInd=20Bayenv2LFMMpca.Cpval","Neutral","All",0.303263102770416,0.0016098377250946
"327","IM_R30_1351142954_453_4_NumPops=30_NumInd=20Bayenv2LFMMpca.Cpval","Neutral","MCD 0.75",0.0199101028639916,0.0450081821123446
"328","IM_R30_1351142954_453_4_NumPops=30_NumInd=20Bayenv2LFMMpca.Cpval","Neutral","MCD 0.99",0.00579256135075761,0.00963042961375094
"329","IM_R30_1351142954_453_4_NumPops=30_NumInd=20Bayenv2LFMMpca.Cpval","All","Neutral",0.303263102770416,0.0016098377250946
"330","IM_R30_1351142954_453_4_NumPops=30_NumInd=20Bayenv2LFMMpca.Cpval","All","MCD 0.75",0.434395661827877,0.06019427904839
"331","IM_R30_1351142954_453_4_NumPops=30_NumInd=20Bayenv2LFMMpca.Cpval","All","MCD 0.99",0.373434280598051,0.0166907424200016
"332","IM_R30_1351142954_453_4_NumPops=30_NumInd=60Bayenv2LFMMpca.Cpval","Neutral","All",426.314487551955,0.0363798381282935
"333","IM_R30_1351142954_453_4_NumPops=30_NumInd=60Bayenv2LFMMpca.Cpval","Neutral","MCD 0.75",7.11290365249425,0.112578621829977
"334","IM_R30_1351142954_453_4_NumPops=30_NumInd=60Bayenv2LFMMpca.Cpval","Neutral","MCD 0.99",0.0641928708724411,0.0307858517915489
"335","IM_R30_1351142954_453_4_NumPops=30_NumInd=60Bayenv2LFMMpca.Cpval","All","Neutral",426.314487551955,0.0363798381282935
"336","IM_R30_1351142954_453_4_NumPops=30_NumInd=60Bayenv2LFMMpca.Cpval","All","MCD 0.75",330.538310439003,0.276421456851615
"337","IM_R30_1351142954_453_4_NumPops=30_NumInd=60Bayenv2LFMMpca.Cpval","All","MCD 0.99",419.600488016956,0.134051003367908
"338","IM_R30_1351142970_988_8_NumPops=30_NumInd=20Bayenv2LFMMpca.Cpval","Neutral","All",0.20721898861753,0.00127655489823759
"339","IM_R30_1351142970_988_8_NumPops=30_NumInd=20Bayenv2LFMMpca.Cpval","Neutral","MCD 0.75",0.0266124692397363,0.0329697399706927
"340","IM_R30_1351142970_988_8_NumPops=30_NumInd=20Bayenv2LFMMpca.Cpval","Neutral","MCD 0.99",0.00460671831487623,0.0095939970430342
"341","IM_R30_1351142970_988_8_NumPops=30_NumInd=20Bayenv2LFMMpca.Cpval","All","Neutral",0.20721898861753,0.00127655489823759
"342","IM_R30_1351142970_988_8_NumPops=30_NumInd=20Bayenv2LFMMpca.Cpval","All","MCD 0.75",0.314387034752322,0.0447085448195833
"343","IM_R30_1351142970_988_8_NumPops=30_NumInd=20Bayenv2LFMMpca.Cpval","All","MCD 0.99",0.261714678167703,0.0157568832160737
"344","IM_R30_1351142970_988_8_NumPops=30_NumInd=60Bayenv2LFMMpca.Cpval","Neutral","All",174.485151753994,0.0243507650935039
"345","IM_R30_1351142970_988_8_NumPops=30_NumInd=60Bayenv2LFMMpca.Cpval","Neutral","MCD 0.75",12.0791005849143,0.102577060003386
"346","IM_R30_1351142970_988_8_NumPops=30_NumInd=60Bayenv2LFMMpca.Cpval","Neutral","MCD 0.99",0.310828327264824,0.0271540667193932
"347","IM_R30_1351142970_988_8_NumPops=30_NumInd=60Bayenv2LFMMpca.Cpval","All","Neutral",174.485151753994,0.0243507650935039
"348","IM_R30_1351142970_988_8_NumPops=30_NumInd=60Bayenv2LFMMpca.Cpval","All","MCD 0.75",100.674507132649,0.226272343933924
"349","IM_R30_1351142970_988_8_NumPops=30_NumInd=60Bayenv2LFMMpca.Cpval","All","MCD 0.99",162.12807613962,0.102896422509522
"350","IM_R30_1351142986_950_12_NumPops=30_NumInd=20Bayenv2LFMMpca.Cpval","Neutral","All",0.134509062070657,0.00104881722263095
"351","IM_R30_1351142986_950_12_NumPops=30_NumInd=20Bayenv2LFMMpca.Cpval","Neutral","MCD 0.75",0.038431680806294,0.0503509216927126
"352","IM_R30_1351142986_950_12_NumPops=30_NumInd=20Bayenv2LFMMpca.Cpval","Neutral","MCD 0.99",0.010956014469911,0.0138898211978871
"353","IM_R30_1351142986_950_12_NumPops=30_NumInd=20Bayenv2LFMMpca.Cpval","All","Neutral",0.134509062070657,0.00104881722263095
"354","IM_R30_1351142986_950_12_NumPops=30_NumInd=20Bayenv2LFMMpca.Cpval","All","MCD 0.75",0.265030329422532,0.0634567645270392
"355","IM_R30_1351142986_950_12_NumPops=30_NumInd=20Bayenv2LFMMpca.Cpval","All","MCD 0.99",0.202525664114393,0.0198196660755908
"356","IM_R30_1351142986_950_12_NumPops=30_NumInd=60Bayenv2LFMMpca.Cpval","Neutral","All",183.40939937373,0.022999101972
"357","IM_R30_1351142986_950_12_NumPops=30_NumInd=60Bayenv2LFMMpca.Cpval","Neutral","MCD 0.75",11.2074479547308,0.0943313860569341
"358","IM_R30_1351142986_950_12_NumPops=30_NumInd=60Bayenv2LFMMpca.Cpval","Neutral","MCD 0.99",0.130335674643639,0.0302701315543054
"359","IM_R30_1351142986_950_12_NumPops=30_NumInd=60Bayenv2LFMMpca.Cpval","All","Neutral",183.40939937373,0.022999101972
"360","IM_R30_1351142986_950_12_NumPops=30_NumInd=60Bayenv2LFMMpca.Cpval","All","MCD 0.75",110.8391994651,0.20964024457113
"361","IM_R30_1351142986_950_12_NumPops=30_NumInd=60Bayenv2LFMMpca.Cpval","All","MCD 0.99",176.332059149514,0.106005879508042
"362","IM_R60_1351142954_453_4_NumPops=60_NumInd=20Bayenv2LFMMpca.Cpval","Neutral","All",3.87759718872981,0.00496245333550354
"363","IM_R60_1351142954_453_4_NumPops=60_NumInd=20Bayenv2LFMMpca.Cpval","Neutral","MCD 0.75",0.305846018386637,0.043896720189862
"364","IM_R60_1351142954_453_4_NumPops=60_NumInd=20Bayenv2LFMMpca.Cpval","Neutral","MCD 0.99",0.00957681845900591,0.0114752620320205
"365","IM_R60_1351142954_453_4_NumPops=60_NumInd=20Bayenv2LFMMpca.Cpval","All","Neutral",3.87759718872981,0.00496245333550354
"366","IM_R60_1351142954_453_4_NumPops=60_NumInd=20Bayenv2LFMMpca.Cpval","All","MCD 0.75",3.35712764198147,0.0779165722248986
"367","IM_R60_1351142954_453_4_NumPops=60_NumInd=20Bayenv2LFMMpca.Cpval","All","MCD 0.99",4.04485325483515,0.030634220751821
"368","IM_R60_1351142954_453_4_NumPops=60_NumInd=30Bayenv2LFMMpca.Cpval","Neutral","All",122.458196478208,0.0234824869352999
"369","IM_R60_1351142954_453_4_NumPops=60_NumInd=30Bayenv2LFMMpca.Cpval","Neutral","MCD 0.75",2.0642845262399,0.0858877947409429
"370","IM_R60_1351142954_453_4_NumPops=60_NumInd=30Bayenv2LFMMpca.Cpval","Neutral","MCD 0.99",0.059691772092363,0.0197018554607421
"371","IM_R60_1351142954_453_4_NumPops=60_NumInd=30Bayenv2LFMMpca.Cpval","All","Neutral",122.458196478208,0.0234824869352999
"372","IM_R60_1351142954_453_4_NumPops=60_NumInd=30Bayenv2LFMMpca.Cpval","All","MCD 0.75",100.151222671988,0.194743371030026
"373","IM_R60_1351142954_453_4_NumPops=60_NumInd=30Bayenv2LFMMpca.Cpval","All","MCD 0.99",120.254673382195,0.0859675116234961
"374","IM_R60_1351142970_988_8_NumPops=60_NumInd=20Bayenv2LFMMpca.Cpval","Neutral","All",4.81575323327868,0.00507366340026363
"375","IM_R60_1351142970_988_8_NumPops=60_NumInd=20Bayenv2LFMMpca.Cpval","Neutral","MCD 0.75",0.39766288337973,0.0429356351912179
"376","IM_R60_1351142970_988_8_NumPops=60_NumInd=20Bayenv2LFMMpca.Cpval","Neutral","MCD 0.99",0.0197078116037355,0.010360754481759
"377","IM_R60_1351142970_988_8_NumPops=60_NumInd=20Bayenv2LFMMpca.Cpval","All","Neutral",4.81575323327868,0.00507366340026363
"378","IM_R60_1351142970_988_8_NumPops=60_NumInd=20Bayenv2LFMMpca.Cpval","All","MCD 0.75",4.30314348551746,0.0760960003766967
"379","IM_R60_1351142970_988_8_NumPops=60_NumInd=20Bayenv2LFMMpca.Cpval","All","MCD 0.99",4.85426954518934,0.029267094537585
"380","IM_R60_1351142970_988_8_NumPops=60_NumInd=30Bayenv2LFMMpca.Cpval","Neutral","All",74.3538627092095,0.0188055269397247
"381","IM_R60_1351142970_988_8_NumPops=60_NumInd=30Bayenv2LFMMpca.Cpval","Neutral","MCD 0.75",3.51719480978188,0.0642643123042266
"382","IM_R60_1351142970_988_8_NumPops=60_NumInd=30Bayenv2LFMMpca.Cpval","Neutral","MCD 0.99",0.11403433469949,0.0162264845703258
"383","IM_R60_1351142970_988_8_NumPops=60_NumInd=30Bayenv2LFMMpca.Cpval","All","Neutral",74.3538627092095,0.0188055269397247
"384","IM_R60_1351142970_988_8_NumPops=60_NumInd=30Bayenv2LFMMpca.Cpval","All","MCD 0.75",51.4709194323065,0.146880763188314
"385","IM_R60_1351142970_988_8_NumPops=60_NumInd=30Bayenv2LFMMpca.Cpval","All","MCD 0.99",70.8529728286621,0.0694592710581192
"386","IM_R60_1351142986_950_12_NumPops=60_NumInd=20Bayenv2LFMMpca.Cpval","Neutral","All",4.35463999398013,0.00493470366674292
"387","IM_R60_1351142986_950_12_NumPops=60_NumInd=20Bayenv2LFMMpca.Cpval","Neutral","MCD 0.75",0.563568194122326,0.0459961529599613
"388","IM_R60_1351142986_950_12_NumPops=60_NumInd=20Bayenv2LFMMpca.Cpval","Neutral","MCD 0.99",0.0180696166855813,0.0126046588840134
"389","IM_R60_1351142986_950_12_NumPops=60_NumInd=20Bayenv2LFMMpca.Cpval","All","Neutral",4.35463999398013,0.00493470366674292
"390","IM_R60_1351142986_950_12_NumPops=60_NumInd=20Bayenv2LFMMpca.Cpval","All","MCD 0.75",3.50181473281346,0.0803165616371568
"391","IM_R60_1351142986_950_12_NumPops=60_NumInd=20Bayenv2LFMMpca.Cpval","All","MCD 0.99",4.39977275605401,0.0323255003886022
"392","IM_R60_1351142986_950_12_NumPops=60_NumInd=30Bayenv2LFMMpca.Cpval","Neutral","All",122.917380953474,0.0241960080248535
"393","IM_R60_1351142986_950_12_NumPops=60_NumInd=30Bayenv2LFMMpca.Cpval","Neutral","MCD 0.75",4.2298662630339,0.0492705970465983
"394","IM_R60_1351142986_950_12_NumPops=60_NumInd=30Bayenv2LFMMpca.Cpval","Neutral","MCD 0.99",0.168748691683493,0.0122012067528797
"395","IM_R60_1351142986_950_12_NumPops=60_NumInd=30Bayenv2LFMMpca.Cpval","All","Neutral",122.917380953474,0.0241960080248535
"396","IM_R60_1351142986_950_12_NumPops=60_NumInd=30Bayenv2LFMMpca.Cpval","All","MCD 0.75",90.1888482603366,0.134269832250697
"397","IM_R60_1351142986_950_12_NumPops=60_NumInd=30Bayenv2LFMMpca.Cpval","All","MCD 0.99",117.43904874308,0.0689386097275245
"398","IM_R90_1351142954_453_4_NumPops=90_NumInd=20Bayenv2LFMMpca.Cpval","Neutral","All",55.7307306431483,0.0151306609144273
"399","IM_R90_1351142954_453_4_NumPops=90_NumInd=20Bayenv2LFMMpca.Cpval","Neutral","MCD 0.75",2.2291324259419,0.0452936432006261
"400","IM_R90_1351142954_453_4_NumPops=90_NumInd=20Bayenv2LFMMpca.Cpval","Neutral","MCD 0.99",0.0507116122818637,0.00739416235123975
"401","IM_R90_1351142954_453_4_NumPops=90_NumInd=20Bayenv2LFMMpca.Cpval","All","Neutral",55.7307306431483,0.0151306609144273
"402","IM_R90_1351142954_453_4_NumPops=90_NumInd=20Bayenv2LFMMpca.Cpval","All","MCD 0.75",39.2456130924914,0.104470984846694
"403","IM_R90_1351142954_453_4_NumPops=90_NumInd=20Bayenv2LFMMpca.Cpval","All","MCD 0.99",53.5091905539387,0.0427226805101918
"404","IM_R90_1351142954_453_4_NumPops=90_NumInd=6Bayenv2LFMMpca.Cpval","Neutral","All",0.713299844193595,0.00164324063082069
"405","IM_R90_1351142954_453_4_NumPops=90_NumInd=6Bayenv2LFMMpca.Cpval","Neutral","MCD 0.75",0.0424281036459144,0.0105791694434643
"406","IM_R90_1351142954_453_4_NumPops=90_NumInd=6Bayenv2LFMMpca.Cpval","Neutral","MCD 0.99",0.00299553996407805,0.00275036162190058
"407","IM_R90_1351142954_453_4_NumPops=90_NumInd=6Bayenv2LFMMpca.Cpval","All","Neutral",0.713299844193595,0.00164324063082069
"408","IM_R90_1351142954_453_4_NumPops=90_NumInd=6Bayenv2LFMMpca.Cpval","All","MCD 0.75",0.773565976643399,0.0180175617305428
"409","IM_R90_1351142954_453_4_NumPops=90_NumInd=6Bayenv2LFMMpca.Cpval","All","MCD 0.99",0.729157740556932,0.00689928954494106
"410","IM_R90_1351142970_988_8_NumPops=90_NumInd=20Bayenv2LFMMpca.Cpval","Neutral","All",45.2430810345245,0.0151312814155592
"411","IM_R90_1351142970_988_8_NumPops=90_NumInd=20Bayenv2LFMMpca.Cpval","Neutral","MCD 0.75",3.15095978656734,0.0394523223991578
"412","IM_R90_1351142970_988_8_NumPops=90_NumInd=20Bayenv2LFMMpca.Cpval","Neutral","MCD 0.99",0.134971167345389,0.00876718653906431
"413","IM_R90_1351142970_988_8_NumPops=90_NumInd=20Bayenv2LFMMpca.Cpval","All","Neutral",45.2430810345245,0.0151312814155592
"414","IM_R90_1351142970_988_8_NumPops=90_NumInd=20Bayenv2LFMMpca.Cpval","All","MCD 0.75",28.6602806565935,0.0937582916973082
"415","IM_R90_1351142970_988_8_NumPops=90_NumInd=20Bayenv2LFMMpca.Cpval","All","MCD 0.99",41.8156611679962,0.0457824376500038
"416","IM_R90_1351142970_988_8_NumPops=90_NumInd=6Bayenv2LFMMpca.Cpval","Neutral","All",0.526741157510249,0.00160863906957015
"417","IM_R90_1351142970_988_8_NumPops=90_NumInd=6Bayenv2LFMMpca.Cpval","Neutral","MCD 0.75",0.0592976297037394,0.0117343280868535
"418","IM_R90_1351142970_988_8_NumPops=90_NumInd=6Bayenv2LFMMpca.Cpval","Neutral","MCD 0.99",0.00426652185418054,0.00361717980944779
"419","IM_R90_1351142970_988_8_NumPops=90_NumInd=6Bayenv2LFMMpca.Cpval","All","Neutral",0.526741157510249,0.00160863906957015
"420","IM_R90_1351142970_988_8_NumPops=90_NumInd=6Bayenv2LFMMpca.Cpval","All","MCD 0.75",0.604215821496762,0.0200490701714671
"421","IM_R90_1351142970_988_8_NumPops=90_NumInd=6Bayenv2LFMMpca.Cpval","All","MCD 0.99",0.547213147939992,0.00828956810488514
"422","IM_R90_1351142986_950_12_NumPops=90_NumInd=20Bayenv2LFMMpca.Cpval","Neutral","All",40.067835395949,0.0122099699762949
"423","IM_R90_1351142986_950_12_NumPops=90_NumInd=20Bayenv2LFMMpca.Cpval","Neutral","MCD 0.75",2.52115916410336,0.0353751870389432
"424","IM_R90_1351142986_950_12_NumPops=90_NumInd=20Bayenv2LFMMpca.Cpval","Neutral","MCD 0.99",0.0884444534412384,0.00623220393486071
"425","IM_R90_1351142986_950_12_NumPops=90_NumInd=20Bayenv2LFMMpca.Cpval","All","Neutral",40.067835395949,0.0122099699762949
"426","IM_R90_1351142986_950_12_NumPops=90_NumInd=20Bayenv2LFMMpca.Cpval","All","MCD 0.75",26.255208995619,0.0808826399041082
"427","IM_R90_1351142986_950_12_NumPops=90_NumInd=20Bayenv2LFMMpca.Cpval","All","MCD 0.99",37.6130212361968,0.0342952499782987
"428","IM_R90_1351142986_950_12_NumPops=90_NumInd=6Bayenv2LFMMpca.Cpval","Neutral","All",0.650609164100649,0.0015332611198736
"429","IM_R90_1351142986_950_12_NumPops=90_NumInd=6Bayenv2LFMMpca.Cpval","Neutral","MCD 0.75",0.0515280342938992,0.0141915472643998
"430","IM_R90_1351142986_950_12_NumPops=90_NumInd=6Bayenv2LFMMpca.Cpval","Neutral","MCD 0.99",0.00453067607493155,0.00432722676427576
"431","IM_R90_1351142986_950_12_NumPops=90_NumInd=6Bayenv2LFMMpca.Cpval","All","Neutral",0.650609164100649,0.0015332611198736
"432","IM_R90_1351142986_950_12_NumPops=90_NumInd=6Bayenv2LFMMpca.Cpval","All","MCD 0.75",0.731501510677288,0.0221173089893771
"433","IM_R90_1351142986_950_12_NumPops=90_NumInd=6Bayenv2LFMMpca.Cpval","All","MCD 0.99",0.677630241830436,0.00871152531031254
